{"region": "R3", "window_id": "win-2026-01-17T10:00Z", "severity": "critical", "score": 0.8000732421875001, "reason": "CI下界 0.510≥0.050；比例 p̂=1.000≥0.080；重频桶 1 个；综合分数 0.800≥0.450", "metrics": {"p_hat": 1.0, "ci_low": 0.5101091596030786, "ci_high": 0.9999999999999999, "cms_total": 4, "cms_abnormal": 4, "heavy_buckets": [30], "heavy_bucket_ratio": 0.024390243902439025, "hll_estimate": 3, "sbf_saturation": 0.00048828125}, "thresholds": {"min_cms_total": 200, "min_sample_size_for_alert": 30, "min_ci_lower": 0.05, "min_p_hat": 0.08, "min_evidence_score": 0.45, "min_heavy_buckets": 1, "min_hll_estimate": 5, "severity_thresholds": {"critical": 0.75, "high": 0.6, "medium": 0.45}}, "timestamp": 1768633710.2118776, "write_ts": 1768633710.2138739}
